entity_id,summary,biography,contribution,level
chaitanya,"Шри Чайтанья Махапрабху — совместное явление Радхи и Кришны, основоположник движения санкиртаны.","Шри Чайтанья Махапрабху явился в Навадвипе в 1486 году. Приняв санньясу в двадцать четыре года, Он распространял совместное воспевание святых имён по всей Индии и провёл последние годы в Джаганнатха-Пури, погружённый в настроение разлуки Шримати Радхарани.","Открыл людям века Кали юга-дхарму — санкиртану, совместное воспевание имён Кришны.",gold
nityananda,"Господь Нитьянанда — проявление Баларамы, носитель милости Махапрабху.","Господь Нитьянанда явился в Экачакре в Бенгалии и стал ближайшим спутником Шри Чайтаньи. Вместе с Харидасом Тхакуром Он раздавал любовь к Богу по всей Бенгалии даже самым падшим, включая братьев Джагая и Мадхая.",Распространил санкиртану в Бенгалии и явил безграничную милость к падшим душам.,gold
advaita,"Шри Адвайта Ачарья — проявление Маха-Вишну, призвавший Господа явиться.","Шри Адвайта Ачарья, почтенный вайшнав старшего поколения, громкими молитвами и подношением листьев туласи с водой Ганги призвал Кришну низойти как Шри Чайтанья ради спасения века Кали.",Своими молитвами вызвал явление Шри Чайтаньи Махапрабху.,gold
gadadhara,Шри Гададхара Пандит — олицетворение внутренней энергии Господа.,"Шри Гададхара Пандит, спутник Махапрабху с детства, считается проявлением энергии наслаждения Господа. В Пури он служил Божеству Гопинатхи и был неразлучен с Чайтаньей.",Явил образец чистой преданности в настроении служения.,gold
srivasa,Шрила Шриваса Тхакур — проявление Нарады Муни.,В доме Шривасы Тхакура в Навадвипе Шри Чайтанья со спутниками ночами вёл сокровенную санкиртану. Шриваса считается проявлением Нарады Муни.,В его доме зародилось движение санкиртаны Махапрабху.,gold
rupa-goswami,Шрила Рупа Госвами — главный из шести Госвами Вриндавана.,"Шрила Рупа Госвами (XVI век) оставил высокий пост при дворе Бенгалии, встретив Шри Чайтанью в Рамакели и Праяге. По указанию Господа он вместе с братом Санатаной восстановил святые места Враджа и систематизировал науку преданности.",Изложил науку бхакти-расы в «Бхакти-расамрита-синдху» и «Уджжвала-ниламани».,gold
sanatana-goswami,"Шрила Санатана Госвами — старший из шести Госвами, наставник в самбандхе.","Шрила Санатана Госвами, старший брат Рупы, был первым министром в Бенгалии и оставил всё ради служения Махапрабху. Он восстанавливал святыни Враджа и составил руководства по вайшнавской жизни.",Дал «Брихад-Бхагаватамриту» и «Хари-бхакти-виласу» — основы вайшнавского знания и практики.,gold
jiva-goswami,Шрила Джива Госвами — величайший философ гаудия-вайшнавизма.,"Шрила Джива Госвами, племянник Рупы и Санатаны, систематизировал философию школы и основал во Вриндаване центр учёности, сохранив наследие Госвами для будущих поколений.",Создал «Шат-сандарбху» — философский свод гаудия-веданты.,gold
gopala-bhatta-goswami,Шрила Гопал Бхатта Госвами — один из шести Госвами Вриндавана.,"Шрила Гопал Бхатта Госвами родом из Южной Индии был благословлён Махапрабху во время Его паломничества. Он установил во Вриндаване Божество Радхараманы, проявившееся из шалаграма-шилы.",Заложил основу «Хари-бхакти-виласы» и установил служение Радхараману.,gold
raghunatha-bhatta-goswami,Шрила Рагхунатха Бхатта Госвами — один из шести Госвами.,"Шрила Рагхунатха Бхатта Госвами славился сладостным чтением «Шримад-Бхагаватам». Благословлённый Махапрабху, он провёл жизнь во Вриндаване в постоянном слушании и прославлении Господа.",Явил образец преданного чтения «Шримад-Бхагаватам».,gold
raghunatha-das-goswami,"Шрила Рагхунатха дас Госвами — образец отречения, прайоджана-ачарья.",Шрила Рагхунатха дас Госвами оставил огромное богатство ради служения Махапрабху. После ухода Господа он жил у Радха-кунды в строгом отречении и непрестанном бхаджане.,Явил высший идеал отречения и любви к Радха-кунде.,gold
krishnadasa-kaviraja,Шрила Кришнадас Кавираджа Госвами — автор «Чайтанья-чаритамриты».,По указанию вайшнавов Вриндавана и по милости Божества Мадана-моханы Шрила Кришнадас Кавираджа в преклонном возрасте написал «Шри Чайтанья-чаритамриту» — авторитетное жизнеописание и философское изложение учения Махапрабху.,Составил «Чайтанья-чаритамриту» — вершину гаудия-литературы.,gold
vrindavana-dasa-thakura,Шрила Вриндаван дас Тхакур — «Вьяса игр Чайтаньи».,Шрила Вриндаван дас Тхакур описал ранние игры Махапрабху в Навадвипе. За это его почитают как Вьясу игр Шри Чайтаньи.,Написал «Чайтанья-бхагавату» — первое крупное жизнеописание Господа.,gold
vishvanatha-chakravarti,Шрила Вишванатха Чакраварти Тхакур — выдающийся комментатор XVII–XVIII веков.,Шрила Вишванатха Чакраварти Тхакур защитил и углубил наследие Госвами в эпоху после них. Его комментарии и труды о бхакти и расе стали опорой традиции.,Дал «Мадхурья-кадамбини» и классические комментарии к «Бхагаватам» и «Гите».,gold
baladeva-vidyabhushana,Шрила Баладева Видьябхушана — защитник гаудия-веданты.,Шрила Баладева Видьябхушана отстоял право гаудия-вайшнавов на собственный комментарий к «Веданта-сутре». По вдохновению Божества Говиндаджи он составил «Говинда-бхашью».,Написал «Говинда-бхашью» — гаудия-комментарий к «Веданта-сутре».,gold
narottama-dasa-thakura,Шрила Нароттама дас Тхакур — поэт-святой гаудия-традиции.,Шрила Нароттама дас Тхакур вместе со Шринивасой Ачарьей и Шьяманандой распространял наследие Госвами в Бенгалии и Ориссе. Его бенгальские песни доныне поют преданные.,Создал молитвенные песни «Прартхана» и «Према-бхакти-чандрика».,gold
srinivasa-acharya,Шрила Шринивас Ачарья — проповедник наследия Госвами в Бенгалии.,"Шрила Шринивас Ачарья получил сокровища писаний Госвами и распространил их в Бенгалии, возродив движение Махапрабху среди следующего поколения.",Принёс книги Госвами Вриндавана в Бенгалию и проповедовал их.,gold
shyamananda-pandita,Шрила Шьямананда Прабху — проповедник в Ориссе.,"Шрила Шьямананда Прабху, спутник Шринивасы и Нароттамы, распространял гаудия-вайшнавизм в Ориссе и прославился особой милостью Шримати Радхарани.",Утвердил традицию Махапрабху в Ориссе.,gold
bhaktivinoda-thakura,Шрила Бхактивинода Тхакур (1838–1914) — родоначальник возрождения гаудия-вайшнавизма.,"Шрила Бхактивинода Тхакур, государственный судья и плодовитый автор, возродил чистое учение Махапрабху в XIX веке. Он установил место рождения Господа в Маяпуре и заложил основу всемирной проповеди.","Написал «Джайва-дхарму», «Харинама-чинтамани» и десятки трудов, возродивших традицию.",gold
gaurakishora-dasa-babaji,"Шрила Гауракишора дас Бабаджи (ок. 1838–1915) — отрешённый святой, гуру Бхактисиддханты.","Шрила Гауракишора дас Бабаджи, осознавший себя святой, жил в полном отречении и непрестанном воспевании святого имени. Он стал духовным учителем Бхактисиддханты Сарасвати.",Явил идеал чистого бхаджана и отречения.,gold
bhaktisiddhanta-sarasvati,Шрила Бхактисиддханта Сарасвати Тхакур (1874–1937) — основатель Гаудия-матха.,"Шрила Бхактисиддханта Сарасвати, сын Бхактивиноды, основал Гаудия-матх и открыл десятки храмов. Он соединил строгую преданность с динамичной проповедью и печатью книг.",Основал Гаудия-матх и вдохновил всемирную проповедь сознания Кришны.,gold
prabhupada,Шрила А. Ч. Бхактиведанта Свами Прабхупада (1896–1977) — ачарья-основатель ИСККОН.,По указанию своего гуру Бхактисиддханты Сарасвати Шрила Прабхупада в возрасте шестидесяти девяти лет отправился на Запад и в 1966 году основал ИСККОН. За двенадцать лет он перевёл и прокомментировал главные писания и распространил сознание Кришны по всему миру.,Основал ИСККОН и дал миру «Бхагавад-гиту как она есть» и «Шримад-Бхагаватам».,gold
krishna,"Изначальная Всепривлекающая Верховная Личность Бога. Источник всех форм Бога, всех аватар, всех энергий, всех отношений, всех духовных и материальных планет, всех подвижных и неподвижных живых существ.

Обитель Кришны — изначальная и наивысшая планета духовного мира, вечносвежая и цветущая Голока Дхама, Вриндаван.","Согласно «Шримад-Бхагаватам», Кришна — не аватара, а Сам источник всех воплощений (кришнас ту бхагаван свайам). Около пяти тысяч лет назад Он явил Свои игры во Врадже, Матхуре и Двараке и поведал миру «Бхагавад-гиту».",Источник всего сущего; поведал «Бхагавад-гиту» и явил вечные игры Враджа.,gold
radharani,Шримати Радхарани — внутренняя энергия наслаждения Кришны (хладини-шакти).,"Шримати Радхарани — олицетворение хладини-шакти, высшее проявление любви к Кришне и повелительница Вриндавана. Её настроение и сияние принял Шри Чайтанья Махапрабху.",Воплощает высшую любовь к Богу; Её настроение принял Шри Чайтанья.,gold
haridasa-thakura,"Шрила Харидас Тхакур — намачарья, учитель воспевания святого имени.","Шрила Харидас Тхакур, рождённый в мусульманской семье, ежедневно воспевал триста тысяч имён Господа и стойко претерпел гонения за свою веру. Махапрабху провозгласил его намачарьей — наставником в науке святого имени.",Явил высший образец воспевания святого имени; назван намачарьей.,gold
ramananda-raya,"Шри Рамананда Рай — близкий спутник Махапрабху, знаток высшей расы.","Шри Рамананда Рай, наместник и великий преданный, в беседах на берегу Годавари раскрыл Махапрабху ступени преданности вплоть до настроения гопи. Его считают воплощением гопи Вишакхи.",В беседах с Махапрабху изложил высшую цель — прему в настроении Вриндавана.,gold
svarupa-damodara,Шри Сварупа Дамодара — личный секретарь Махапрабху в Пури.,"Шри Сварупа Дамодара был ближайшим спутником Махапрабху в Джаганнатха-Пури и проверял всю литературу и музыку, что подносили Господу. Его считают проявлением Лалиты.",Хранил чистоту учения и сокровенные настроения Махапрабху.,gold
sarvabhauma-bhattacharya,"Шри Сарвабхаума Бхаттачарья — великий логик, обращённый Махапрабху.","Шри Сарвабхаума Бхаттачарья, виднейший знаток веданты в Пури, был обращён Махапрабху от имперсонализма к чистой преданности. Его обращение стало знаком победы бхакти над сухой логикой.","Явил, что преданность выше имперсонального знания.",gold
madhavendra-puri,Шрила Мадхавендра Пури — корень древа преданности (бхакти-калпа-друма).,"Шрила Мадхавендра Пури первым явил настроение спонтанной любви к Кришне в линии Мадхвы. Он установил Божество Гопалы на Говардхане, и его настроение разлуки унаследовал Шри Чайтанья.",Принёс в традицию настроение спонтанной любви (рага-бхакти).,gold
ishvara-puri,Шрила Ишвара Пури — духовный учитель Шри Чайтаньи.,"Шрила Ишвара Пури, ученик Мадхавендры Пури, служил своему гуру с великой преданностью и стал дикша-гуру Шри Чайтаньи Махапрабху.",Инициировал Шри Чайтанью Махапрабху.,gold
lokanatha-goswami,Шрила Локанатха Госвами — отрешённый спутник Госвами Вриндавана.,"Шрила Локанатха Госвами, посланный Махапрабху во Врадж, жил в глубоком отречении и скрывал своё величие. Он был духовным учителем Нароттамы даса Тхакура.",Хранил сокровенное служение Враджа; гуру Нароттамы даса Тхакура.,gold
lalita,Лалита-сакхи — главная из восьми ближайших подруг (ашта-сакхи) Радхи.,"Лалита-деви — старшая и самая пылкая из ашта-сакхи, всегда заботящаяся о благе Радхи и Кришны. Её преданность Шримати Радхарани непревзойдённа.",Возглавляет ближайших подруг Радхи в служении Божественной Чете.,gold
vishakha,Вишакха-сакхи — одна из двух главных подруг (ашта-сакхи) Радхи.,"Вишакха-деви, ровесница Радхи и искусная во всех видах служения, неразлучна с Ней и наставляет в тонкостях игр Вриндавана.",Одна из двух предводительниц ашта-сакхи Шримати Радхарани.,gold
madhumangala,"Мадхумангала — брахман, шутливый друг Кришны (нарма-сакха).","Мадхумангала — весёлый друг-брахман Кришны во Врадже, своими шутками умножающий радость игр. Он спутник Господа в настроении дружбы.",Привносит в игры Кришны настроение лёгкости и юмора.,gold
upananda,"Упананда — старший брат Махараджи Нанды, глава старших Враджа.","Упананда, старший брат Нанды, — мудрый предводитель пастухов Враджа. Именно он посоветовал перенести Гокулу во Вриндаван ради защиты Кришны.",Глава старших Враджа; предложил переселение во Вриндаван.,gold
prahlada,Махараджа Прахлада — великий преданный-махаджана.,"С детства Прахлада, несмотря на гонения отца-демона Хираньякашипу, оставался непоколебим в преданности Господу. Ради него Господь явился как Нрисимхадева.",Образец бесстрашной преданности; один из двенадцати махаджан.,gold
dhruva,"Дхрува Махараджа — царевич, достигший Господа стойкой аскезой.","Пятилетним Дхрува ушёл в лес и суровым подвижничеством удостоился даршана Господа Вишну, утвердившись как неподвижная Полярная звезда.",Образец решимости (дридха-врата) в преданном служении.,gold
narada,"Шри Нарада Муни — странствующий мудрец, гуру многих преданных.","Нарада Муни, сын Брахмы, странствует по вселенным с виной, воспевая славу Господа; он наставил Вьясу, Прахладу и Дхруву.",Дал «Нарада-бхакти-сутру»; вечный проповедник преданности.,gold
vyasadeva,"Шрила Вьясадева — литературное воплощение Господа, составитель Вед.","Шрила Вьясадева разделил Веды, составил Пураны, «Махабхарату» и «Веданта-сутру», а в завершение — «Шримад-Бхагаватам».",Дал миру «Шримад-Бхагаватам» и свод ведической литературы.,gold
sukadeva,Шри Шукадева Госвами — рассказчик «Шримад-Бхагаватам».,"Шукадева, сын Вьясы, освобождённый с рождения, поведал «Шримад-Бхагаватам» Махарадже Парикшиту за семь дней до его смерти.",Произнёс «Шримад-Бхагаватам» — спелый плод древа Вед.,gold
bali,"Махараджа Бали — махаджана, отдавший Господу всё.","Царь Бали отдал Господу Вамане три шага земли, а затем и самого себя, явив совершенное самопредание.",Образец полного самопредания (атма-ниведана).,gold
hanuman,Шри Хануман — идеал преданного слуги (дасья-раса).,"Шри Хануман беззаветно служил Господу Рамачандре, пересёк океан и сразил полчища демонов ради Ситы.",Высший образец преданного служения Господу Раме.,gold
arjuna,"Арджуна — друг и колесничий, которому Кришна поведал «Бхагавад-гиту».","Арджуна, лучший из лучников Пандавов и близкий друг Кришны, на поле Курукшетра услышал «Бхагавад-гиту».",Слушатель «Бхагавад-гиты»; образец дружбы с Господом.,gold
uddhava,Шри Уддхава — близкий друг и доверенный Кришны.,"Уддхава, советник и любимый друг Кришны, получил от Него сокровенное знание («Уддхава-гиту») и был послан утешить жителей Враджа.",Получил «Уддхава-гиту»; явил славу любви гопи.,gold
akrura,"Шри Акрура — преданный, привёзший Кришну и Балараму в Матхуру.","Акрура, дядя Кришны и великий преданный, на пути в Матхуру удостоился видения Господа в водах Ямуны.",Образец преданности среди родственников Кришны.,gold
bhishma,"Бхишмадева — махаджана, дед Пандавов, воин-преданный.","Бхишма, хранитель долга и великий воин, по своей воле покинул тело, созерцая Кришну на поле Курукшетра, и вознёс Ему молитвы.",Один из двенадцати махаджан; преданность в настроении доблести.,gold
kunti,"Царица Кунти — преданная, мать Пандавов.","Царица Кунти, тётя Кришны, в знаменитых молитвах просила невзгод, ибо в них живущие вспоминают Господа.",Её молитвы (Кунти-стути) — образец смиренной преданности.,gold
rama,"Господь Рамачандра — аватара Господа, идеальный царь (марьяда-пурушоттама).","Господь Рама, явившийся в Айодхье, ради дхармы принял изгнание, сразил Равану и вернул Ситу.","Явил идеал дхармы, верности и праведного царствования.",gold
nrisimha,Господь Нрисимхадева — аватара в облике человека-льва.,"Господь Нрисимха явился из колонны, чтобы защитить преданного Прахладу и сразить демона Хираньякашипу.",Защитник преданных; устранитель страха и препятствий.,gold
varaha,"Господь Вараха — аватара-вепрь, поднявший Землю.",Господь Вараха в облике вепря поднял Землю из вод вселенского океана и сразил демона Хираньякшу.,Спас Землю; явил защиту мироздания.,gold
vamana,"Господь Вамана — аватара-брахман, смиривший Бали.","Господь Вамана, явившись карликом-брахманом, тремя шагами охватил вселенную и явил милость царю Бали.","Явил, что Господь покоряет любовью, а не силой.",gold
kurma,"Господь Курма — аватара-черепаха, опора пахтанья океана.",Господь Курма в облике черепахи держал на спине гору Мандара при пахтанье молочного океана.,Опора творения; поддержал полубогов и демонов.,gold
matsya,"Господь Матсья — аватара-рыба, спаситель Вед.","Господь Матсья в облике рыбы спас Ману, мудрецов и Веды во время вселенского потопа.",Сохранил Веды и семена жизни во время потопа.,gold
kapila,"Господь Капиладева — аватара, давший преданную санкхью.","Господь Капила, сын Девахути, изложил матери систему санкхьи как путь самопознания и преданности.",Дал теистическую санкхью — путь к Господу через различение.,gold
ramanujacharya,"Шри Рамануджачарья — основатель Шри-сампрадаи, ачарья вишишта-адвайты.","Шри Рамануджачарья утвердил вишишта-адвайту и преданность Господу Нараяне, написав «Шри-бхашью» на «Веданта-сутру».",Дал «Шри-бхашью»; утвердил преданность в линии Лакшми.,gold
madhva,"Шри Мадхвачарья — основатель Брахма-сампрадаи, ачарья двайты.","Шри Мадхвачарья (Анандатиртха) утвердил чистый дуализм (двайту) и вечное различие души и Господа, опровергнув имперсонализм.","Основал Брахма-Мадхва-линию, к которой восходят Гаудия-вайшнавы.",gold
nimbarkacharya,Шри Нимбаркачарья — основатель Кумара-сампрадаи.,Шри Нимбаркачарья утвердил философию двайта-адвайты и поклонение Радхе-Кришне в линии четырёх Кумаров.,Утвердил совместное поклонение Шри Радхе и Кришне.,gold
mukunda-datta,"Шри Мукунда Датта — спутник Махапрабху, искусный певец.","Шри Мукунда Датта, друг детства Махапрабху, славился пением, пробуждавшим в Господе экстаз.",Своим пением вдохновлял санкиртану Махапрабху.,gold
vasudeva-datta,"Шри Васудева Датта — спутник Махапрабху, образец сострадания.","Шри Васудева Датта молил Господа взять на себя грехи всех живущих ради их освобождения, и Махапрабху прославил его сострадание.",Явил высшее сострадание ко всем душам.,gold
murari-gupta,"Шри Мурари Гупта — спутник Махапрабху, проявление Ханумана.","Шри Мурари Гупта, врач и непоколебимый слуга Господа Рамы, был близким спутником Махапрабху и ранним его биографом.",Явил неотступную преданность Раме; составил «Кришна-чайтанья-чаритамриту».,gold
pundarika-vidyanidhi,Шри Пундарика Видьянидхи — спутник в родительском настроении.,"Шри Пундарика Видьянидхи, почитаемый как Вришабхану в Гаура-лиле, был духовным наставником Гададхары Пандита.",Явил родительское настроение к Божественной Чете.,gold
jagadananda-pandit,Шри Джагадананда Пандит — близкий спутник Махапрабху в Пури.,"Шри Джагадананда Пандит, чья любовь проявлялась как нежная ревность, считается проявлением Сатьябхамы и автором «Према-виварты».",Явил настроение любящей заботы о Махапрабху.,gold
shivananda-sena,Шри Шивананда Сена — опекун преданных Бенгалии.,"Шри Шивананда Сена каждый год вёл преданных Бенгалии на Ратха-ятру в Пури, заботясь обо всех их нуждах.",Образец служения вайшнавам (вайшнава-сева).,gold
vakreshvara-pandit,"Шри Вакрешвара Пандит — спутник Махапрабху, великий танцор.",Шри Вакрешвара Пандит мог танцевать в экстазе непрерывно; Махапрабху называл его вместилищем Своей энергии блаженства.,Явил экстатический танец в санкиртане.,gold
subala,Субала — один из ближайших друзей-пастушков Кришны (сакхья).,"Субала, близкий друг Кришны, помогает в Его сокровенных встречах с Радхой и неразлучен с Господом во Врадже.",Один из главных друзей Кришны (приья-сакха).,gold
shridama,Шридама — главный из друзей-пастушков Кришны.,"Шридама, брат Радхи, — предводитель пастушков Враджа, неизменно состязающийся с Кришной в играх и борьбе.",Возглавляет друзей Кришны в дружеской расе.,gold
stokakrishna,Стока-кришна — один из друзей-пастушков Кришны.,"Стока-кришна — близкий друг-ровесник Кришны, участник всех игр и трапез во Врадже.",Спутник Кришны в дружеской расе.,gold
rupa-manjari,"Рупа-манджари — предводительница манджари, служанок Радхи.","Рупа-манджари — главная среди юных служанок Шримати Радхарани, образец сокровенного служения. В лиле Шри Чайтаньи — Рупа Госвами.",Возглавляет манджари в служении Божественной Чете.,gold
rohini,"Рохини-деви — мать Баларамы, старшая в семье Враджа (ватсалья).","Рохини-деви, мать Баларамы, заботливо растила Кришну и Балараму в Гокуле наряду с Яшодой.",Образец родительской любви во Врадже.,gold
chitra-devi,Читра-сакхи — одна из восьми главных подруг (ашта-сакхи) Радхи.,"Читра-деви, искусная во многих искусствах, преданно служит Божественной Чете среди ашта-сакхи.",Из восьми ближайших подруг Шримати Радхарани.,gold
champakalata,Чампакалата-сакхи — одна из восьми главных подруг Радхи.,Чампакалата-деви неотлучно служит Радхе и Кришне во Врадже среди ашта-сакхи.,Из восьми ближайших подруг Шримати Радхарани.,gold
tungavidya,Тунгавидья-сакхи — одна из восьми главных подруг Радхи.,"Тунгавидья-деви, сведущая в искусствах и музыке, — одна из ашта-сакхи Шримати Радхарани.",Из восьми ближайших подруг Радхи.,gold
indulekha,Индулекха-сакхи — одна из восьми главных подруг Радхи.,Индулекха-деви искусна в сокровенном служении Божественной Чете среди ашта-сакхи.,Из восьми ближайших подруг Шримати Радхарани.,gold
rangadevi,Рангадеви-сакхи — одна из восьми главных подруг Радхи.,Рангадеви-деви преданно служит Радхе и Кришне во Врадже среди ашта-сакхи.,Из восьми ближайших подруг Радхи.,gold
sudevi,Судеви-сакхи — одна из восьми главных подруг Радхи.,"Судеви-деви, сестра Рангадеви, служит Божественной Чете среди ашта-сакхи.",Из восьми ближайших подруг Шримати Радхарани.,gold
bilvamangala,Билвамангала Тхакур (Лила-шука) — святой-поэт Южной Индии.,"Билвамангала Тхакур, прозванный Лила-шукой, прошёл путь от чувственной жизни к чистой любви к Кришне. Его «Кришна-карнамрита» воспевает сладость Господа Вриндавана.",Дал «Кришна-карнамриту» — нектар созерцания красоты Кришны.,gold
yamunacharya,Шри Ямуначарья (Алавандар) — ачарья Шри-сампрадаи до Рамануджи.,"Шри Ямуначарья, внук Натхамуни, возглавил Шри-сампрадаю и своими молитвами и трудами заложил основу вишишта-адвайты.",Автор «Стотра-ратны»; предшественник Рамануджи.,gold
vallabhacharya,Шри Валлабхачарья — основатель Пушти-марги (Рудра-сампрадаи).,"Шри Валлабхачарья утвердил шуддха-адвайту и путь пушти (милости) в поклонении Кришне, комментируя «Шримад-Бхагаватам».",Основал Пушти-маргу; автор «Субодхини» и «Анубхашьи».,gold
vedanta-desika,Шри Веданта Дешика — выдающийся ачарья Шри-сампрадаи.,"Шри Веданта Дешика прославился как поэт, логик и защитник учения Рамануджи, оставив множество трудов Шри-вайшнавов.",Автор «Рахасья-трая-сары» и многих трудов Шри-сампрадаи.,gold
satyavrata-muni,"Сатьяврата Муни — мудрец, певец славы Господа Дамодары.","Сатьяврата Муни — мудрец, чья молитва «Дамодараштака» из «Падма-пураны» поётся преданными весь месяц Картика.",Ему приписывается «Дамодараштака».,gold
shandilya-muni,"Шандилья Муни — древний мудрец, систематизатор науки бхакти.","Шандилья Муни — древний риши, изложивший науку преданного служения в кратких афоризмах.",Автор «Шандилья-бхакти-сутры».,gold
vishnupriya,"Шримати Вишнуприя-деви — вторая супруга Шри Чайтаньи, образец преданности в разлуке.","Шримати Вишнуприя-деви после принятия Махапрабху санньясы посвятила жизнь воспеванию Его имени, отмеряя зерно на каждое произнесённое имя. Она почитается как проявление энергии преданности.",Явила высший образец преданности в разлуке с Господом.,gold
lakshmipriya,Шримати Лакшмиприя-деви — первая супруга Шри Чайтаньи.,"Шримати Лакшмиприя-деви, первая жена Махапрабху, считается проявлением богини процветания и покинула мир юной, пока Господь был в отъезде.","Первая супруга Господа, проявление Лакшми.",gold
jahnavi-devi,"Шримати Джахнава-деви — супруга Господа Нитьянанды, наставница вайшнавов.",Шримати Джахнава-деви после ухода Нитьянанды Прабху стала почитаемой духовной наставницей и вела преданных Бенгалии; многие ветви гаудия-линии восходят к ней.,Возглавила общину после Нитьянанды; гуру многих вайшнавов.,gold
vasudha-devi,Шримати Васудха-деви — супруга Господа Нитьянанды.,"Шримати Васудха-деви, супруга Нитьянанды Прабху и сестра Джахнавы, — мать Вирабхадры Госани.",Из ближайшего окружения Господа Нитьянанды.,gold
gauridasa-pandit,Шри Гауридаса Пандит — спутник Гауры-Нитая (проявление Субалы).,Шри Гауридаса Пандит установил Божества Гауры-Нитая в Амбике-Калне и служил им с великой любовью; в Кришна-лиле он — друг-пастушок Субала.,Установил поклонение Гаура-Нитай в Амбике-Калне.,gold
raghava-pandit,"Шри Рагхава Пандит — спутник Махапрабху, прославленный служением.",Шри Рагхава Пандит с великой тщательностью готовил подношения Господу; его знаменитые «мешочки Рагхавы» везли в Пури.,Образец любовного служения через подношения Господу.,gold
gopinatha-acharya,"Шри Гопинатха Ачарья — спутник Махапрабху, шурин Сарвабхаумы.","Шри Гопинатха Ачарья помог обратить Сарвабхауму Бхаттачарью, твёрдо провозглашая Махапрабху Самим Господом.",Способствовал обращению Сарвабхаумы Бхаттачарьи.,gold
narahari-sarakara-thakur,Шри Нарахари Саракара Тхакур — поэт-вайшнав из Шрикханды.,"Шри Нарахари Саракара Тхакур, глава общины Шрикханды, сложил множество преданных песен о Гауре и служил Махапрабху в настроении сакхи.",Один из первых поэтов гаура-лила-санкиртаны.,gold
govinda-ghosh,"Шри Говинда Гхош — один из трёх братьев Гхош, ведущих киртан.","Шри Говинда Гхош с братьями вёл санкиртану на Ратха-ятре в Пури, восхищая Махапрабху, и удостоился особой милости Господа.",Ведущий певец санкиртаны Махапрабху.,gold
vasudeva-ghosh,"Шри Васудева Гхош — один из трёх братьев Гхош, певец Гауры.","Шри Васудева Гхош прославился вдохновенными песнями о Шри Чайтанье и Нитьянанде, которые доныне поют вайшнавы Бенгалии.",Сложил любимые песни о Гауре-Нитае.,gold
damodara-pandit,Шри Дамодара Пандит — прямодушный спутник Махапрабху.,"Шри Дамодара Пандит славился прямотой и заботой о благе Господа, не страшась говорить открыто, и Махапрабху ценил его преданность.",Образец преданной прямоты и заботы о Господе.,gold
kashishvara,Шри Кашишвара Пандит — слуга и спутник Махапрабху.,"Шри Кашишвара, ученик Ишвары Пури, служил Махапрабху в Пури, оберегая Его в храме Джаганнатхи.",Личный слуга Господа в Джаганнатха-Пури.,gold
rukmini,"Шримати Рукмини-деви — главная царица Кришны в Двараке, проявление Лакшми.","Шримати Рукмини, дочь царя Бхишмаки, по любви избрала Кришну и была увезена Им до нежеланного брака; она — главная из цариц Двараки.",Образец преданной супруги; проявление богини процветания.,gold
satyabhama,Шримати Сатьябхама-деви — царица Кришны в Двараке.,"Шримати Сатьябхама, пылкая и любящая царица, сопровождала Кришну в победе над Наракасурой.",Одна из главных цариц Кришны в Двараке.,gold
pradyumna,"Шри Прадьюмна — сын Кришны и Рукмини, экспансия Господа.","Шри Прадьюмна, сын Кришны, был похищен демоном Шамбарой, но победил его и вернулся в Двараку; он входит в чатур-вьюху.",Сын Кришны; экспансия в чатур-вьюхе.,gold
aniruddha,"Шри Анируддха — внук Кришны, экспансия Господа.","Шри Анируддха, сын Прадьюмны, известен историей с Ушей и битвой с Банасурой; он входит в чатур-вьюху.",Внук Кришны; экспансия в чатур-вьюхе.,gold
sita,"Шримати Сита-деви — супруга Господа Рамы, богиня процветания.","Шримати Сита-деви, дочь царя Джанаки, последовала за Рамой в изгнание и была похищена Раваной; её чистота и верность непревзойдённы.",Образец верной супруги; проявление Лакшми.,gold
lakshmana,Шри Лакшмана — младший брат и неразлучный спутник Рамы.,"Шри Лакшмана оставил жену и царство, чтобы служить Раме в изгнании; он — проявление Господа Шеши (Санкаршаны).",Высший образец братского служения; проявление Шеши.,gold
shatrughna,Шри Шатругхна — младший брат Господа Рамы.,"Шри Шатругхна, брат Лакшманы по матери Сумитре, был предан Бхарате и служил династии Рагху.",Преданный брат в династии Рагху.,gold
sugriva,"Сугрива — царь обезьян, союзник Господа Рамы.","Сугрива, царь Кишкиндхи, заключил дружбу с Рамой и направил обезьянье войско на поиски Ситы.",Союзник Рамы в поисках и спасении Ситы.,gold
vibhishana,"Вибхишана — брат Раваны, предавшийся Господу Раме.","Вибхишана, праведный брат Раваны, покинул Ланку и предался Раме, став после победы её царём.",Образец предания Господу вопреки родственным узам.,gold
jatayu,"Джатаю — царь птиц, отдавший жизнь за Ситу.","Джатаю, благородный орёл, сразился с Раваной, пытаясь спасти Ситу, и пал, удостоившись освобождения от рук Самого Рамы.","Отдал жизнь, служа Господу; обрёл Его милость.",gold
dasharatha,"Махараджа Дашаратха — отец Господа Рамы, царь Айодхьи.","Махараджа Дашаратха, праведный царь Айодхьи, из верности слову отправил Раму в изгнание и покинул мир в разлуке с сыном.",Явил преданность долгу и любовь к Господу-сыну.,gold
yudhishthira,"Махараджа Юдхиштхира — старший Пандав, царь дхармы.","Махараджа Юдхиштхира, сын Дхармы, прославился безупречной правдивостью; Кришна возвёл его на трон после битвы на Курукшетре.",Образец правды и праведного правления (дхарма-раджа).,gold
bhima,"Бхимасена — могучий Пандав, преданный слуга Кришны.","Бхима, сын Ваю, обладал необычайной силой и сразил Дурьодхану и Духшасану; его преданность Кришне была беззаветна.",Явил преданность в настроении доблести и служения.,gold
nakula,"Накула — один из Пандавов, сын Ашвинов.","Накула, четвёртый из Пандавов, славился красотой и искусством обращения с конями, верно служа делу Пандавов и Кришны.",Преданный Пандав в служении Кришне.,gold
sahadeva,"Сахадева — младший Пандав, мудрый и преданный.","Сахадева, младший из Пандавов и знаток многих наук, отличался мудростью и преданностью Кришне.",Преданный и мудрый среди Пандавов.,gold
draupadi,"Драупади — супруга Пандавов, великая преданная Кришны.","Драупади, рождённая из жертвенного огня, в час позора призвала Кришну, и Он защитил её честь бесконечной тканью.",Образец предания: воззвала к Кришне — и была спасена.,gold
abhimanyu,Абхиманью — доблестный сын Арджуны и Субхадры.,"Абхиманью, юный герой, бесстрашно вошёл в боевой строй чакра-вьюху и геройски пал на Курукшетре.",Явил беспримерную доблесть на Курукшетре.,gold
vidura,"Видура — воплощение Ямараджи, великий преданный и советник.","Видура, мудрый советник Хастинапура и воплощение Ямараджи, бесстрашно говорил правду царям и принял знание от Майтреи; Кришна гостил в его доме, отвергнув пиры Дурьодханы.",Образец преданного советника; принял Кришну в своём доме.,gold
maitreya,"Майтрея Риши — мудрец, поведавший знание Видуре.","Майтрея Риши изложил Видуре творение мира и деяния Господа, как описано в «Шримад-Бхагаватам».",Передал Видуре сокровенное знание Бхагаваты.,gold
janaka,"Махараджа Джанака — царь-мудрец, отец Ситы.","Махараджа Джанака, царь Митхилы, прославился как идеал отрешённого правителя и преданного, исполняющего долг без привязанности; он — отец Ситы-деви.",Образец действия без привязанности.,gold
prithu,"Махараджа Притху — шактьявеша-аватара, идеальный царь.","Махараджа Притху, наделённый силой Господа, выровнял Землю и наладил процветание подданных, явив образец царственного служения.",Явил идеал царя как слуги Господа и народа.,gold
rishabha,"Господь Ришабхадева — аватара Господа, учитель отречения.",Господь Ришабхадева наставил сыновей в науке самопознания и явил путь крайнего отречения (парамахамса); его сын — Махараджа Бхарата.,Дал наставления об отречении и цели человеческой жизни.,gold
brahma,"Господь Брахма — творец вселенной, глава Брахма-сампрадаи.","Господь Брахма, рождённый из лотоса от пупка Вишну, творит вселенную по воле Господа и получил «Шримад-Бхагаватам» в сердце; он — первый гуру нашей сампрадаи.",Изначальный учитель Брахма-сампрадаи; автор «Брахма-самхиты».,gold
shiva,"Господь Шива (Махадева) — величайший вайшнав, разрушитель вселенной.","Господь Шива, повелитель благости и разрушения, почитается как величайший из преданных и вечно погружён в медитацию на Господа.",Высший вайшнав; глава Рудра-сампрадаи.,gold
lakshmi,"Богиня Лакшми — супруга Господа Нараяны, богиня процветания.","Богиня Лакшми, вечная спутница Господа Нараяны на Вайкунтхе, олицетворяет процветание и преданное служение Господу.",Образец вечного служения Господу; источник процветания.,gold
garuda,"Гаруда — божественный орёл, носитель Господа Вишну.","Гаруда, царь птиц, вечно несёт Господа Вишну и олицетворяет ведическое знание, служа в настроении дасьи.",Вечный носитель Господа; олицетворение Вед.,gold
yamaraja,"Ямараджа — повелитель справедливости, махаджана.","Ямараджа, сын бога Солнца, судит души согласно делам и сам является великим преданным Господа; Видура — его воплощение.",Один из двенадцати махаджан; блюститель дхармы.,gold
indra,"Индра — царь полубогов, повелитель небес.","Индра, владыка райских планет и повелитель дождя, был смирён Кришной при поднятии холма Говардхана и принёс Господу покаяние.",Царь полубогов; смирён лилой Говардхана.,gold
surya,"Сурья — бог Солнца, хранитель ведического знания.","Сурья, сияющий бог Солнца, через линию потомков хранил дхарму; ему Господь некогда поведал йогу «Гиты».",Хранитель парампары; первый слушатель йоги «Бхагавад-гиты».,gold
balarama,"Господь Баларама — первая экспансия Кришны, Его старший брат во Врадже.","Господь Баларама, первая экспансия Кришны и источник чатур-вьюхи, во Врадже играет роль старшего брата Господа и защищает Его в детских играх; Он олицетворяет изначального духовного учителя.",Источник духовной силы и прибежище; изначальная гуру-таттва.,gold
nanda,"Махараджа Нанда — приёмный отец Кришны, царь пастухов Враджа (ватсалья).","Махараджа Нанда, глава пастушеской общины Гокулы, растил Кришну как родного сына, переполненный родительской любовью; его настроение — вершина ватсалья-расы.",Образец родительской любви к Господу (ватсалья).,gold
yashoda,"Матушка Яшода — приёмная мать Кришны, олицетворение родительской любви.","Матушка Яшода связала Верховного Господа верёвкой за детскую шалость и кормила Его грудью, явив, что чистая любовь покоряет Бога; её ватсалья непревзойдённа во всём творении.",Высший образец родительской любви; связала Господа любовью.,gold
vrishabhanu,Махараджа Вришабхану — отец Шримати Радхарани.,"Махараджа Вришабхану, благочестивый царь Барсаны, обрёл Шримати Радхарани как дочь, найдя Её на лотосе у Ямуны.",Отец Шримати Радхарани; глава Барсаны.,gold
kirtida,Киртида-деви — мать Шримати Радхарани.,"Киртида-деви, супруга Вришабхану, с великой нежностью растила Шримати Радхарани в Барсане.",Мать Шримати Радхарани.,gold
paurnamasi,"Паурнамаси-деви — старшая наставница, устроительница игр Враджа.","Паурнамаси-деви, ученица Нарады, незримо устраивает встречи Радхи и Кришны и направляет лилу Враджа своей мудростью; она — бабушка Мадхумангалы.",Незримо ведёт сокровенные игры Враджа.,gold
vrinda-devi,Вринда-деви — богиня священных рощ Вриндавана.,"Вринда-деви управляет лесами, цветами и птицами Вриндавана и искусно готовит обстановку для встреч Божественной Четы; Её именем назван сам Вриндаван.",Хранительница рощ; устроительница игр Радхи и Кришны.,gold
chandravali,Чандравали — предводительница соперничающей группы гопи.,"Чандравали, главная гопи противоположного лагеря, любит Кришну в настроении почтения и спокойствия, оттеняя несравненную любовь Радхи.",Возглавляет вторую группу гопи; оттеняет величие Радхи.,gold
dhanishtha,"Дхаништха-деви — служанка Яшоды, помогающая Радхе.","Дхаништха, доверенная служанка матушки Яшоды, тайно помогает Шримати Радхарани и носит Ей остатки трапезы Кришны.",Связующая преданная в служении Божественной Чете.,gold
ananga-manjari,Ананга-манджари — младшая сестра Шримати Радхарани.,"Ананга-манджари, младшая сестра Радхи, возглавляет юных манджари в сокровенном служении Божественной Чете.",Сестра Радхи; среди предводительниц манджари.,gold
lavanga-manjari,Лаванга-манджари — одна из главных манджари Шримати Радхарани.,"Лаванга-манджари — одна из ближайших юных служанок Радхи, искусная в сокровенном служении.",Среди главных манджари в служении Радхе.,gold
sudama-gopa,Судама — один из ближайших друзей-пастушков Кришны.,"Судама, близкий друг Кришны во Врадже, неразлучен с Господом в пастушеских играх и состязаниях.",Один из главных друзей Кришны (сакхья).,gold
dama-gopa,Дама — друг-пастушок Кришны во Врадже.,"Дама, верный друг Кришны, участвует во всех играх и трапезах пастушков Враджа.",Друг Кришны в дружеской расе.,gold
raktaka,Рактака — главный слуга Кришны во Врадже (дасья).,"Рактака, старший среди слуг Кришны во Врадже, исполняет Его поручения с восторженной преданностью; он — образец дасья-расы.",Главный слуга Кришны во Врадже (дасья-раса).,gold
patraka,Патрака — слуга Кришны во Врадже (дасья).,"Патрака, один из доверенных слуг Кришны, вместе с Рактакой служит Господу в настроении преданного слуги.",Доверенный слуга Кришны (дасья-раса).,gold
paramananda-puri,"Шри Парамананда Пури — старший санньяси, бесконечно дорогой Махапрабху.","Шри Парамананда Пури, духовный брат Ишвары Пури, был старшим спутником, которого Махапрабху почитал как духовного отца, и жил подле Господа в Пури.","Старший санньяси-спутник, почитаемый Махапрабху как отец.",gold
uddharana-datta,Шри Уддхарана Датта Тхакур — спутник Господа Нитьянанды.,"Шри Уддхарана Датта Тхакур, преуспевающий торговец, был одним из главных спутников Нитьянанды Прабху и явил, что преданность не зависит от происхождения.",Ведущий спутник Господа Нитьянанды.,gold
mukunda-dasa-shrikhanda,"Шри Мукунда дас — глава вайшнавов Шрикханды, придворный врач.","Шри Мукунда дас, царский лекарь и глава общины Шрикханды, славился глубокой преданностью и сложил преданные песни; он — отец Рагхунанданы Тхакура.",Глава вайшнавов Шрикханды; поэт-преданный.,gold
raghunandana-thakura,Шри Рагхунандана Тхакур — дитя-преданный из Шрикханды.,"Шри Рагхунандана Тхакур с детства служил семейному Божеству с такой чистотой, что Господь принимал его подношения лично; он — сын Мукунды даса.",Образец детской чистой преданности Божеству.,gold
gangadasa-pandit,Шри Гангадаса Пандит — учитель юного Нимая.,Шри Гангадаса Пандит был учителем грамматики и логики юного Нимая (Махапрабху) в Навадвипе.,Наставник Господа в школьные годы.,gold
govinda-servant,Шри Говинда — личный слуга Махапрабху в Пури.,"Шри Говинда, ученик Ишвары Пури, по его указанию служил Махапрабху, заботясь о всех Его нуждах в Джаганнатха-Пури.",Личный слуга Господа в последние годы в Пури.,gold
sundarananda-das,Шри Сундарананда — близкий спутник Господа Нитьянанды.,"Шри Сундарананда, один из двенадцати пастушков (двадаша-гопал), был неразлучным спутником Нитьянанды Прабху.",Из двенадцати пастушков-спутников Нитьянанды.,gold
gadadhara-dasa,"Шри Гададхара дас — спутник Гауры-Нитая, проповедник святого имени.","Шри Гададхара дас прославился тем, что побуждал воспевать имя Кришны даже иноверцев; его не следует путать с Гададхарой Пандитом.",Бесстрашный проповедник святого имени.,gold
vidyavachaspati,"Шри Видьявачаспати — брат Сарвабхаумы, учёный-преданный.","Шри Видьявачаспати, брат Сарвабхаумы Бхаттачарьи, был великим учёным, в чьём поместье Махапрабху явил Себя множеству людей.",Учёный-преданный; принимал Господа в Видьянагаре.,gold
achyutananda,"Шри Ачьютананда — сын Адвайты Ачарьи, преданный с детства.","Шри Ачьютананда, старший сын Адвайты Ачарьи, с самого детства признал Шри Чайтанью Верховным Господом и оставался безраздельно верен Махапрабху.",С детства явил непоколебимое признание Махапрабху.,gold
sita-advaita,"Шримати Сита Тхакурани — супруга Адвайты Ачарьи, в материнском настроении к Гауре.","Шримати Сита Тхакурани, супруга Адвайты Ачарьи, при рождении Махапрабху первой пришла благословить Его с дарами, питая к Нему материнскую любовь.",Явила материнскую любовь к младенцу-Гауранге.,gold
dhananjaya-pandit,Шри Дхананджая Пандит — один из двенадцати пастушков (двадаша-гопал) Нитьянанды.,"Шри Дхананджая Пандит, спутник Нитьянанды Прабху, прославился глубокой отрешённостью и непрестанным воспеванием, распространяя санкиртану в Бенгалии.",Из двенадцати пастушков Нитьянанды; образец отрешения.,gold
kamalakara-pippalai,Шри Камалакара Пиппалаи — один из двенадцати пастушков Нитьянанды.,"Шри Камалакара Пиппалаи, спутник Нитьянанды Прабху, входит в число двенадцати пастушков (двадаша-гопал) и служил в настроении дружбы.",Из двенадцати пастушков-спутников Нитьянанды.,gold
nagara-purushottama,Шри Нагара Пурушоттама — один из двенадцати пастушков Нитьянанды.,"Шри Нагара Пурушоттама, спутник Нитьянанды Прабху, входит в число двенадцати пастушков (двадаша-гопал).",Из двенадцати пастушков-спутников Нитьянанды.,gold
chandrashekhara-acharya,"Шри Чандрашекхара Ачарья — дядя Махапрабху, в чьём доме шла санкиртана.","Шри Чандрашекхара Ачарья предоставил свой дом для ночной санкиртаны; в нём Махапрабху явил знаменитую мистерию о Враджа-лиле, играя роль богини процветания.",В его доме проходила санкиртана и драма Враджа-лилы.,gold
bhagavan-acharya,Шри Бхагаван Ачарья — преданный из окружения Махапрабху в Пури.,"Шри Бхагаван Ачарья, простосердечный и дорогой Махапрабху преданный, жил в Пури рядом со Сварупой Дамодарой.",Близкий преданный Господа в Джаганнатха-Пури.,gold
kashi-mishra,"Шри Каши Мишра — преданный, отдавший Махапрабху свой дом (Гамбхиру).","Шри Каши Мишра предоставил Махапрабху свой дом в Пури — Гамбхиру, где Господь провёл последние годы в настроении разлуки, и служил Ему с великой любовью.",Предоставил Гамбхиру — обитель Господа в Пури.,gold
shankara-pandit,Шри Шанкара Пандит — близкий слуга Махапрабху в Пури.,"Шри Шанкара Пандит служил столь преданно, что спал у стоп Господа; его называли «Прабхупада», ибо стопы Господа были его сокровищем.","Интимный слуга, спавший у стоп Господа.",gold
shrinidhi,Шри Шринидхи — один из братьев Шривасы Тхакура.,"Шри Шринидхи, один из четырёх братьев семьи Шривасы Тхакура, участвовал в сокровенной санкиртане в Навадвипе.",Из семьи Шривасы; участник ранней санкиртаны.,gold
jagadisha-pandit,"Шри Джагадиша Пандит — преданный, утвердивший поклонение Божеству.","Шри Джагадиша Пандит, преданный из Навадвипы, прославился служением Божеству и распространением санкиртаны по указанию Нитьянанды.",Утвердил поклонение Божеству; проповедник санкиртаны.,gold
arjuna-gopa,Арджуна — один из ближайших друзей-пастушков Кришны (сакхья).,"Арджуна, близкий друг Кришны во Врадже (не путать с Пандавом), участвует в Его пастушеских играх и состязаниях.",Один из главных друзей Кришны во Врадже (сакхья).,gold
lila-manjari,Лила-манджари — одна из именных манджари Шримати Радхарани.,"Лила-манджари — юная служанка Шримати Радхарани, преданно служащая Божественной Чете во Врадже.",Из именных манджари в служении Радхе и Кришне.,gold
prema-manjari,Према-манджари — одна из именных манджари Шримати Радхарани.,"Према-манджари — юная служанка Шримати Радхарани, участвующая в сокровенном служении во Врадже.",Из именных манджари в служении Божественной Чете.,gold
raga-manjari,Рага-манджари — одна из именных манджари Шримати Радхарани.,"Рага-манджари — юная служанка Шримати Радхарани, искусная в сокровенном служении.",Из именных манджари в служении Радхе.,gold
rasa-manjari,Раса-манджари (Рати-манджари) — одна из главных манджари Радхи.,"Раса-манджари, также называемая Рати-манджари, — одна из ближайших юных служанок Шримати Радхарани.",Среди главных манджари Шримати Радхарани.,gold
subahu,Субаху — друг-пастушок Кришны во Врадже.,"Субаху, один из друзей Кришны, участвует в пастушеских играх Враджа в настроении дружбы.",Друг Кришны (сакхья-раса).,gold
mahabala,Махабала — друг-пастушок Кришны во Врадже.,"Махабала, один из друзей Кришны, неразлучен с Господом в играх пастушков.",Друг Кришны (сакхья-раса).,gold
varuthapa,Варутхапа — друг-пастушок Кришны во Врадже.,"Варутхапа, один из друзей Кришны, разделяет Его игры во Врадже.",Друг Кришны (сакхья-раса).,gold
lavanga-gopa,Лаванга — друг-пастушок Кришны во Врадже.,"Лаванга, один из друзей Кришны, разделяет Его пастушеские игры в настроении дружбы.",Друг Кришны (сакхья-раса).,gold
hanumatpresaka-swami,"Ученик Шрилы Прабхупады, родившийся на Гуаме; учёный-психолог, наводящий мосты между наукой и духовностью, проповедник в Южной Америке и Испании.","Шрила Хануматпрешака Свами (имя при рождении — Хьюбер Хатчин Робинсон) родился 12 января 1948 года на Гуаме и вырос в Калифорнии. Он получил диплом психолога Калифорнийского университета (1970) и продолжил докторские исследования в Северо-Западном университете. В 1974 году он принял посвящение у Шрилы Прабхупады, а в 1984 году — санньясу.","Махарадж посвятил себя изучению бенгальской вайшнавской веданты и диалогу между наукой и религией. Как заместитель директора Института Бхактиведанты он содействовал двум Всемирным конгрессам по синтезу науки и духовности, собиравшим нобелевских лауреатов и духовных лидеров. Свободно владея испанским, он проповедует в Южной Америке и Испании, соединяя философию, психологию и вайшнавское богословие.",gold
janananda-dasa-goswami,Ученик Шрилы Прабхупады из Великобритании; вдохновитель всемирной программы Святого Имени и любимый ведущий киртанов в Европе и Тихоокеанском регионе.,"Шрила Джанананда Госвами родом из Великобритании. В 1972 году он принял посвящение у Шрилы Прабхупады, получив имя Джанананда дас, и позднее — санньясу. Он служил миссии Прабхупады в Великобритании, Африке, Малайзии, на Филиппинах, в Новой Зеландии и по всей Европе.","Махарадж — главная движущая сила всемирной инициативы Святого Имени, призывающей преданных по всему миру воспевать и прославлять святые имена. Он входит в Комитет по стандартам киртана ИСККОН, заботясь о чистоте преданной музыки. Его радостные харинамы и творческие сценки притягивают к сознанию Кришны даже самых скептичных.",gold
kavicandra-swami,"Ученик Шрилы Прабхупады из Миннеаполиса; неутомимый распространитель книг и член Джи-би-си, служащий в Японии, Индонезии, Африке и по всему миру.","Шрила Кавичандра Свами родился в 1947 году в Миннеаполисе и встретил преданных в 1967 году в Тусоне. В 1971 году он принял посвящение у Шрилы Прабхупады, а в 1982 году в Токио — санньясу. Он возглавлял санкиртана-группу «Радха-Дамодара», одну из самых деятельных в ИСККОН.","Махарадж был генеральным управляющим храма Радхи-Расабихари в Джуху и президентом храма в Токио. С 1987 года он несёт служение в Джи-би-си, отвечая сперва за Японию, а затем за Таиланд, Индокитай, Индонезию, Грецию и Западную Африку. Он всем сердцем предан распространению книг и заботе о преданных, видя в каждом члена своей семьи.",gold
kesava-bharati-dasa-goswami,"Ученик Шрилы Прабхупады; учёный и редактор, живущий в Говардхане и посвятивший жизнь преподаванию науки бхакти-йоги.","Шрила Кешава Бхарати дас Госвами встретил Шрилу Прабхупаду в 1972 году и принял посвящение в 1973 году. 1 января 1979 года он вступил в отречённый уклад жизни. Он живёт в монастыре в Говардхане, одном из священнейших мест паломничества.","Махарадж — английский редактор книг ИСККОН: он редактировал труды Гопипаранадханы даса, старшего санскритолога общества, и книги Шрилы Шиварамы Свами. Под его руководством был осуществлён первый английский перевод гаудия-вайшнавской классики «Брихад-бхагаватамрита» с автокомментарием Шрилы Санатаны Госвами. Дважды в год он совершает проповеднические поездки в Европу и США.",gold
mahadyuti-swami,"Ученик Шрилы Прабхупады, более полувека несущий проповедь; учитель «Бхагавад-гиты» и «Шримад-Бхагаватам» по всему миру.",Шрила Махадьюти Свами связан с сознанием Кришны с начала 1970-х годов: впервые он переступил порог храма ИСККОН в ноябре 1971 года. Он принял посвящение у Шрилы Прабхупады и более пятидесяти лет служит проповеди. В 2017 году он вступил в отречённый уклад жизни.,"Махарадж — странствующий проповедник, который даёт классы и вдохновляет преданных на фестивалях и в храмах по всей Индии и за рубежом. Он известен глубокими лекциями по «Бхагавад-гите» и «Шримад-Бхагаватам», соединяющими философскую глубину с практическим применением. Часто он выступает в храме ИСККОН в Бхиванди и других центрах.",gold
mahaprabhu-swami,Венгерский ученик Шрилы Шиварамы Свами; двадцать лет — самоотверженный распространитель книг и проповедник в Венгрии.,"Шрила Махапрабху Свами родился 4 апреля 1965 года в Ньиредьхазе (Венгрия) и в 1990 году окончил Дебреценский педагогический колледж. Присоединившись к ИСККОН в 1991 году, он принял посвящения в 1991 и 1993 годах от Шрилы Шиварамы Свами. На Джанмаштами 2021 года он принял от него санньясу.",Двадцать лет Махарадж служил полновременным распространителем книг и поныне раздаёт книги Шрилы Прабхупады во время рождественского марафона. Четыре года он вёл проповедь в университете Печа и с 1997 года участвует в венгерской «однопроцентной» налоговой кампании в поддержку ИСККОН. Он деятельно несёт нама-хатта-проповедь в сельских общинах.,gold
mahavisnu-swami,"Ученик Шрилы Прабхупады из Англии; художник по образованию, посвятивший себя строительству храмов в Бангладеш, Непале и Индии.",Шрила Махавишну Свами явился в этот мир 10 февраля 1945 года в Бирмингеме (Великобритания). В девятнадцать лет он поступил в Батскую академию искусств и с отличием окончил её по специальности изящных искусств. В 1971 году он стал полновременным монахом и в том же году принял посвящение у Шрилы Прабхупады.,"С 1976 года Махарадж много странствовал по Индии с библиотечной группой Би-би-ти, а затем посвятил себя сбору средств на строительство храмов в Бангладеш и Непале. Его трудами были возведены прекрасный храм Рупы-Санатаны в Джессоре, храм в Свамибаге (Дакка) и храм Шри Радхи-Говиндахари в Катманду.",gold
navayogendra-swami,"Ученик Шрилы Прабхупады из Индии; найштхика-брахмачари с детства, многоязычный проповедник и строитель храмов.","Шрила Навайогендра Свами с детства устремился к духовной жизни: в девять лет он ушёл из дома, чтобы жить садху в лесах, а в семнадцать поселился во Вриндаване. В 1974 году он принял посвящение у Шрилы Прабхупады, а в 1975 году, в двадцать девять лет, — санньясу. С детства он хранит строгий обет безбрачия.","После принятия санньясы Махарадж более десятка раз объехал весь мир с проповедью. Он способен проповедовать ведическую философию на догри, урду, панджаби, английском, бенгали, гуджарати и нескольких африканских языках. Его трудами были основаны храмы и проповеднические центры в Чандигархе, Вриндаване, Катре, Лакхнау, Амритсаре и других местах.",gold
partha-sarathi-das-goswami,Ученик Шрилы Прабхупады из Англии; первопроходец легендарной «Палаточной кампании» в Южной Африке времён апартеида.,"Шрила Партха Саратхи дас Госвами родился 19 ноября 1952 года в Суффолке (Англия). Получив во время учёбы книги Шрилы Прабхупады, он в 1973 году присоединился к ИСККОН в лондонском храме на Бери-Плейс. В 1974 году его пригласили нести проповедь в Южную Африку.","Вдохновлённый своим учителем, Махарадж создал легендарную «Палаточную кампанию»: в жилых районах на две недели возводили большие шатры, и каждый вечер там звучали киртаны, читались лекции, показывались драмы и фильмы, раздавался прасад. Несмотря на ограничения апартеида, кампания успешно велась пятнадцать лет, став одной из самых известных проповеднических программ ИСККОН. Позднее он принял санньясу и стал дикша-гуру.",gold
prabodhananda-saraswati-swami,"Первый ученик-санньяси Шрилы Гопала Кришны Госвами; старший проповедник ИСККОН Вриндавана, учёный и проникновенный киртания.","Шрила Прабодхананда Сарасвати Свами родился в 1957 году в Ремуне (Одиша), месте, освящённом играми Господа Кширчора Гопинатхи. В 1984 году он присоединился к ИСККОН Вриндавана, а в 1985 году принял посвящение у Шрилы Гопала Кришны Госвами. В 2008 году он стал первым учеником-санньяси своего учителя.","Махарадж возглавлял санкиртана-группы по распространению книг и пять лет руководил отделом обучения новых преданных. Он проповедовал по всей Индии и за рубежом — в США, Великобритании и Восточной Африке. Он известен озаряющими лекциями о вайшнавских ачарьях и проникновенными бхаджанами, исполненными подлинного духовного чувства. В 2024 году он принял служение дикша-гуру.",gold
purushatraya-swami,Ученик Шрилы Прабхупады из Рио-де-Жанейро; выдающийся распространитель книг и основатель устойчивой общины «Вриндавана Гаура» в Бразилии.,"Шрила Пурушатрая Свами родился 2 сентября 1945 года в Рио-де-Жанейро. В 1976 году, в тридцать лет, он присоединился к движению Харе Кришна и принял оба посвящения у Шрилы Прабхупады. К 1977 году он входил в десятку лучших распространителей книг в мире.","Махарадж руководил проектами ИСККОН в Рио-де-Жанейро, был президентом храма в Сан-Паулу и развивал общину Нова-Гокула. В 1985 году он принял санньясу. Позднее, обосновавшись во Вриндаване, он служил в храме Радхи-Дамодары и преподавал в ВИХЕ. Вернувшись в Бразилию, он основал общину «Вриндавана Гаура» в Парати — образец духовной и экологической устойчивости.",gold
radha-govinda-swami,"Ученик Шрилы Прабхупады из Индии; прославленный рассказчик «Шримад-Бхагаватам», живущий во Вриндаване и вдохновляющий преданных по всему миру.","Шрила Радха Говинда дас Госвами родом из Индии и с ранних лет был глубоко склонен к преданному служению и изучению писаний. Вдохновлённый миссией Шрилы Прабхупады, он принял у него посвящение в годы становления ИСККОН и позднее — санньясу. Он живёт во Вриндаване, сердце гаудия-вайшнавизма.","Махарадж — один из самых известных в ИСККОН рассказчиков «Бхагават-катхи». Он проводит семидневные чтения «Шримад-Бхагаватам» в Индии и за рубежом, странствуя по Европе, Африке, Азии, Америке и Канаде. Его проникновенные, укоренённые в писаниях рассказы привлекают тысячи преданных, укрепляя присутствие ИСККОН по всему миру.",gold
rtadhvaja-swami,Ученик Шрилы Прабхупады из США; основатель Вайшнавской академии для мальчиков и многолетний служитель молодёжного служения ИСККОН.,"Шрила Ритадхваджа Свами родился в 1948 году в сельской фермерской общине Северной Дакоты. В 1975 году он открыл для себя книги Шрилы Прабхупады, начал повторять святые имена и вошёл в движение Харе Кришна. В июне 1977 года в Гейнсвилле он принял посвящение у Шрилы Прабхупады, а на Гаура-пурниму 1985 года — санньясу.","Махарадж посвятил себя воспитанию молодёжи ИСККОН. Семь лет он руководил Вайшнавской академией для мальчиков в Алачуа (Флорида), а с 1990 по 2003 год устраивал летние поездки для мальчиков на Ратха-ятры по США. В 2004 году он вывел эту программу на международный уровень, привезя юношей в Европу. Его юмор и практичность делают его близким и для молодёжи, и для старших преданных.",gold
siddhartha-swami,"Ученик Шрилы Прабхупады, родом из Райпура; бывший главный пуджари храма в Джуху, ныне президент храма ИСККОН в Райпуре.",Шрила Сиддхартха Свами родом из Райпура (Чхаттисгарх) и с юных лет был привлечён преданным служением и миссией Шрилы Прабхупады. Многие годы он служил главным пуджари прославленного храма Радхи-Расабихари в Джуху (Мумбаи). В 2009 году он принял санньясу от Шрилы Гопала Кришны Госвами.,"Махарадж деятельно участвовал в воловьей санкиртана-группе Локанатхи Свами и ныне служит президентом храма Радхи-Расабихари в Райпуре, где под его руководством быстро возводится новый храм. Он сумел вовлечь в преданное служение крупных промышленников Чхаттисгарха, и проповедь в Райпуре день ото дня ширится его неустанными трудами.",gold
smita-krsna-swami,"Ученик Шрилы Прабхупады из Швеции; первопроходец сознания Кришны в своей стране, поборник защиты коров и сельского хозяйства в Европе.","Шрила Смита Кришна Свами родился в Швеции в 1952 году и присоединился к ИСККОН в 1970 году в Гамбурге. В 1971 году он принял посвящение у Шрилы Прабхупады. В 1973 году он вернулся в Швецию с самой первой группой преданных, чтобы утвердить движение в родной стране.","Несколько лет Махарадж был самоотверженным распространителем книг, а затем — пуджари, лично поклоняясь Божествам Шри Шри Гандхарвики-Гиридхари. В 1986 году в Майяпуре он принял санньясу, а с 1988 года служит дикша-гуру. С 2016 года он — европейский министр по защите коров и сельскому хозяйству, призывающий общины ИСККОН к устойчивости и опоре на землю. Его отличает редкая кротость и простота сердца.",gold
subhaga-swami,"Ученик Шрилы Прабхупады, бывший его личным слугой в Лондоне; плодовитый переводчик и отеческий наставник, более сорока лет живущий в Майяпуре.","Шрила Субхага Свами родился 21 декабря 1940 года в Калькутте — том же городе, где родился Шрила Прабхупада. В 1965 году, когда Прабхупада отправился в Америку, он уехал в Лондон изучать инженерное дело. Там в 1970 году он обрёл сознание Кришны и в 1971 году принял посвящение у Шрилы Прабхупады.","В ранние лондонские годы Махараджу выпала редкая удача служить Шриле Прабхупаде личным слугой. Исполняя наказ учителя помогать с переводами, он более полувека создаёт бенгальскую и английскую вайшнавскую литературу: он перевёл почти все главные английские книги Прабхупады на бенгали, а с бенгали и санскрита на английский — «Чайтанья-мангалу», «Ананда-Вриндавана-чампу» и «Адвайта-пракашу». Более сорока лет он живёт в Майяпуре, известный сладкими бхаджанами и отеческой добротой.",gold
sukadeva-swami,"Ученик Шрилы Прабхупады, врач-уролог, ставший монахом; зодчий храма Джаганнатхи в Неллуру и устроитель ежедневной раздачи 25 000 порций прасада.","Шрила Сукадева Свами родился в Виджаяваде (Андхра-Прадеш) и стал дипломированным врачом, окончив медицинский факультет университета Шри Венкатешвары в Тирупати в 1979 году. В США он специализировался на урологии и успешно практиковал как хирург, прежде чем в 1982 году в Западной Виргинии присоединился к ИСККОН. Глубоко тронутый призывом Шрилы Прабхупады к «простой жизни и возвышенному мышлению», он оставил медицину ради преданного служения.","Махарадж — главный вдохновитель и зодчий храма Шри Джаганнатхи в Неллуру и проповеднических центров по всему округу. Соединяя врачебное сострадание с духовным служением, он устроил программу полуденных обедов, ежедневно кормящую освящённой пищей более 25 000 нуждающихся детей. Он плодовитый автор и поборник традиционной аюрведы, развивающий экопоселение для устойчивой ведической жизни.",gold
dhanvantari-swami,"Ученик Шрилы Прабхупады из Бразилии, стоматолог по образованию; первопроходец вайшнавского образования в стране и основатель Харе-Кришна семинарии философии и богословия.","Шрила Дханвантари Свами (Иван Аугусто Рибейру Лисбон) родом из Бразилии. Он получил диплом стоматолога Федерального университета Баии и прошёл специализацию по челюстно-лицевой хирургии. В августе 1977 года, за два месяца до ухода Шрилы Прабхупады, он принял первое посвящение, став его учеником, а второе — в феврале 1978 года от Хридаянанды Госвами.","Махарадж вёл переписку со Шрилой Прабхупадой, и через эту переписку в Бразилию приехали первые преданные, открывшие храмы, — так началась миссия ИСККОН в стране. В 1985 году он принял санньясу. В 2000 году он основал Харе-Кришна семинарию философии и богословия в Кампина-Гранди, где живёт и поныне как координатор и преподаватель, обладая титулом «Бхакти-шастри».",gold
candra-mukha-swami,"Бразильский санньяси ИСККОН, писатель и музыкант; один из руководителей движения в Бразилии, доносящий ведическую мудрость через книги и музыку.","Шрила Чандра Мукха Свами родился в 1957 году в Драсене (штат Сан-Паулу, Бразилия). В двадцать лет он оставил многообещающую карьеру в журналистике, чтобы всецело посвятить себя духовной жизни, вдохновлённый учением Шрилы Прабхупады. Присоединившись к движению в конце 1970-х, в 1986 году в Майяпуре он принял санньясу.","Махарадж стал одним из ключевых руководителей ИСККОН в Бразилии и помог основать ашрам «Враджабхуми» в Терезополисе (Рио-де-Жанейро). Он известен умением переводить сложную ведическую мудрость в доступные наставления для широкой публики. Он автор более двадцати книг по философии йоги и духовности и записал восемь дисков мантр и медитаций, соединяя учёность с творчеством.",gold
bhaktivyasa-tirtha-swami,"Старший санньяси ИСККОН родом из Манипура; член совета развития ИСККОН Манипура, несущий людям весть о сознании Кришны.","Шрила Бхактивьяса Тиртха Свами — уроженец Манипура (Индия), где он и живёт. Он стал пожизненным членом ИСККОН в 1977 году и получил первое и второе посвящения. В 1982 году он принял санньясу от Шрилы Бхакти Сварупы Дамодары Свами.","Махарадж — член совета развития ИСККОН в Манипуре. Несмотря на преклонный возраст, он встречается с людьми и расширяет осознание сознания Кришны в своём краю, являя постоянство и преданность миссии Шрилы Прабхупады.",gold
gauranga-prem-swami,Ученик Шрилы Джаяпатаки Свами; глава нама-хатта-проповеди Майяпура и прославленный рассказчик Гаура-катхи.,"Шрила Гауранга Према Свами родился 12 марта 1954 года в Дакке (Бангладеш). С детства влекомый к «Рамаяне» и «Махабхарате», в 1976 году он встретил журнал «Обратно к Богу», что направило его к отречению. 3 февраля 1979 года он присоединился к ИСККОН Майяпура и в том же году принял посвящение у Шрилы Джаяпатаки Свами, получив имя Гауранга Према дас.","С 1988 года Махарадж — главный региональный директор отдела нама-хатта-проповеди ИСККОН Майяпура; под его водительством сеть разрослась до тысяч шраддха-кутиров и нама-хатта-центров. В 2002 году он принял санньясу, а в 2023 году стал дикша-гуру, наставив уже более шестисот учеников. Он прославлен Гаура-катхой — рассказами о Господе Чайтанье, столь живыми, что слушателям кажется, будто они сами видят эти игры.",gold
rama-govinda-swami,"Бывший солдат индийской армии, ставший санньяси ИСККОН; ученик линии Шрилы Локанатхи Свами и первопроходец проповеди в Ботсване и Африке.",Шрила Рама Говинда Свами (прежде — Джаджайя Калва) до преданного служения с отличием служил в индийской армии и получил диплом по телекоммуникационной инженерии. В апреле 1997 года в Габороне (Ботсвана) он принял прибежище у Шрилы Кришны Даса Свами и был посвящён. На Рама-навами 2009 года в Майяпуре он принял санньясу от Шрилы Локанатхи Свами.,"С 1998 по 2008 год Махарадж был президентом храма ИСККОН в Габороне, после чего оставил управление ради странствующей проповеди. Он стал одной из ключевых фигур развития сознания Кришны в Ботсване и Южной Африке, установив Божества Шри Шри Кришны-Баларамы в Габороне. Его проповедь охватывает Африку, Европу и Индию; в Индии его база — Солапур. Он проповедует на телугу, английском и хинди.",gold
bhaktipada-goswami,"Ученик Шрилы Шиварамы Свами родом с Украины; первый санньяси в истории венгерской ятры, проповедник в Новой Враджа-дхаме.","Шрила Бхактипада Госвами родился 7 ноября 1969 года в Ужгороде (Украина, тогда часть СССР). С детства его терзал вопрос о смерти и смысле жизни, и в 1990-е, читая книги Шрилы Прабхупады в Венгрии, он обрёл искомое. Встретив преданных в 1994 году, он переехал в будапештский храм в 1996 году.","По наказу Шрилы Шиварамы Свами в 1997 году Махарадж переселился в Новую Враджа-дхаму (Венгрия), где служил старшим брахмачари, храмовым командиром и пуджари. С 2009 года он проповедует и строит общины преданных в шести городах Венгрии. На Джанмаштами 2021 года Шрила Шиварама Свами даровал ему санньясу — это было первое посвящение в санньясу в истории венгерской ятры.",gold
bhurijana-das,"Ученик Шрилы Прабхупады; сооснователь Вриндаванского института высшего образования (ВИХЕ), почитаемый учитель и автор книг о преданном служении.","Шри Бхуриджана дас — старший ученик Шрилы Прабхупады, посвятивший жизнь изучению и преподаванию писаний. В 1987 году вместе со Шрилой Джаядвайтой Свами и Дханурдхарой Свами он основал Вриндаванский институт высшего образования (ВИХЕ), ставший одним из главных учебных центров ИСККОН.","Многие годы Бхуриджана прабху преподаёт «Бхагавад-гиту», «Шримад-Бхагаватам» и «Нектар наставлений» во Вриндаване, обучая поколения преданных вдумчивому чтению священных текстов. Он автор почитаемых книг, в том числе глубокого исследования «Бхагавад-гиты» «Surrender Unto Me» и мемуаров о служении Шриле Прабхупаде «My Glorious Master».",gold
acyuta-priya-das,"Ученик Шрилы Радханатхи Свами; киевский первопроходец сознания Кришны в советском подполье, член Джи-би-си и духовный наставник Украины и Молдовы.","Шри Ачьюта-прия дас родился в 1962 году, окончил Киевский институт прикладного искусства и получил диплом дизайнера-художника. В 1980 году в Киеве, сразу после женитьбы, он вместе с женой стал преданным — в те годы, когда Украина была частью СССР, а сознание Кришны находилось в глубоком подполье как новая, чужеземная вера. Тайно практикуя даже во время службы в советской армии (1982–1984), он затем возглавил подпольный перевод, печать и распространение книг Шрилы Прабхупады на Украине.","Ачьюта-прия прабху собирал сведения о преследовании преданных в СССР и передавал их западным СМИ; он прошёл через аресты, обыски и слежку КГБ и участвовал в первых демонстрациях за легализацию ИСККОН и освобождение преданных из тюрем и психбольниц. Он открыл проповеднический центр в центре Киева, стал президентом храма и руководил строительством большого храма. Многие годы он служил региональным секретарём Украины и Молдовы, развивал заботу о преданных (98 нама-хатта и наставнических групп в Киеве к 2022 году), преподавал «Бхакти-шастри», «Бхакти-вайбхаву» и «Бхактиведанту», а в 2024 году был назначен членом Джи-би-си.",gold
vatsala-das,Ученик Шрилы Радханатхи Свами; утверждённый инициирующий духовный учитель (дикша-гуру) в ИСККОН.,"Шри Ватсала дас — ученик Шрилы Радханатхи Свами Махараджа, старшего ученика Шрилы Прабхупады. По решению Джи-би-си он утверждён инициирующим духовным учителем (дикша-гуру) ИСККОН, принимающим учеников.","Следуя наставлениям своего духовного учителя, Ватсала прабху служит миссии Шрилы Прабхупады, продолжая линию ученической преемственности и наставляя преданных в ИСККОН.",gold
radha-govinda-das,"Ученик Шрилы Шиварамы Свами; преданный ИСККОН, служащий миссии Господа Чайтаньи.","Шри Радха Говинда дас — ученик Шрилы Шиварамы Свами, старшего ученика Шрилы Прабхупады и многолетнего руководителя ИСККОН в Венгрии. Под водительством своего духовного учителя он посвятил себя преданному служению в традиции гаудия-вайшнавизма.","Следуя наставлениям Шрилы Шиварамы Свами, Радха Говинда прабху служит миссии Шрилы Прабхупады, утверждая в своей жизни принципы преданности, изучения писаний и воспевания святых имён.",gold
